{
  "config": {
    "env_id": "PushCube-v1",
    "cache_mode": "optimal",
    "cache_threshold": 5,
    "optimal_steps_dir": "./assets/PushCube-v1/optimal_steps",
    "num_caches": 1,
    "cache_metric": "cosine",
    "pretrained_path": "/home/kyji/public/public_data/models/maniskill-model/rdt/mp_rank_00_model_states.pt",
    "random_seed": 0,
    "num_bu_blocks": 0
  },
  "benchmark": {
    "original": {
      "avg_time": 0.7583927392959595,
      "std_time": 0.008191217064161548,
      "frequency": 1.318578024531633,
      "durations": [
        0.7508513927459717,
        0.7660398483276367,
        0.7516810894012451,
        0.7595057487487793,
        0.7595279216766357,
        0.7632668018341064,
        0.761070966720581,
        0.775092601776123,
        0.7488498687744141,
        0.7480411529541016
      ]
    },
    "fast": {
      "avg_time": 0.24356627464294434,
      "std_time": 0.007301069205170558,
      "frequency": 4.105658722522027,
      "durations": [
        0.2504088878631592,
        0.24024391174316406,
        0.2422928810119629,
        0.2393341064453125,
        0.2402348518371582,
        0.24047017097473145,
        0.26335954666137695,
        0.23992419242858887,
        0.2396864891052246,
        0.23970770835876465
      ]
    },
    "speedup": 3.11370176518783
  },
  "environment": {
    "success_rate": 100.0,
    "success_count": 25,
    "total_episodes": 25
  }
}