{
  "config": {
    "env_id": "PickCube-v1",
    "cache_mode": null,
    "cache_threshold": 5,
    "optimal_steps_dir": null,
    "num_caches": 30,
    "cache_metric": "cosine",
    "pretrained_path": "/home/kyji/public/public_data/models/maniskill-model/rdt/mp_rank_00_model_states.pt",
    "random_seed": 0
  },
  "benchmark": {
    "original": {
      "avg_time": 0.7712995290756226,
      "std_time": 0.004944987436158733,
      "frequency": 1.2965131732914028,
      "durations": [
        0.7654509544372559,
        0.7683103084564209,
        0.783360481262207,
        0.7686398029327393,
        0.768101692199707,
        0.7758443355560303,
        0.7699553966522217,
        0.7681283950805664,
        0.773766040802002,
        0.7714378833770752
      ]
    },
    "fast": {
      "avg_time": 0.7759275197982788,
      "std_time": 0.0034866589855443,
      "frequency": 1.288780168874503,
      "durations": [
        0.771827220916748,
        0.7760345935821533,
        0.7756614685058594,
        0.7694985866546631,
        0.7777917385101318,
        0.7810494899749756,
        0.7780334949493408,
        0.7722887992858887,
        0.779606819152832,
        0.7774829864501953
      ]
    },
    "speedup": 0.9940355373349056
  },
  "environment": {}
}