{
  "config": {
    "env_id": "PickCube-v1",
    "cache_mode": "optimal",
    "cache_threshold": 5,
    "optimal_steps_dir": "./activations/PickCube-v1",
    "num_caches": 5,
    "cache_metric": "cosine",
    "pretrained_path": "/home/kyji/public/public_data/models/maniskill-model/rdt/mp_rank_00_model_states.pt",
    "random_seed": 0
  },
  "benchmark": {
    "original": {
      "avg_time": 0.8036561489105225,
      "std_time": 0.008226909750815895,
      "frequency": 1.2443132568022421,
      "durations": [
        0.796799898147583,
        0.800992488861084,
        0.7984886169433594,
        0.8035261631011963,
        0.7989139556884766,
        0.8067083358764648,
        0.7959718704223633,
        0.8051774501800537,
        0.8039040565490723,
        0.8260786533355713
      ]
    },
    "fast": {
      "avg_time": 0.22029411792755127,
      "std_time": 0.004217693393057257,
      "frequency": 4.539385842017229,
      "durations": [
        0.2230820655822754,
        0.21759629249572754,
        0.21817255020141602,
        0.2180039882659912,
        0.23217511177062988,
        0.21851778030395508,
        0.21914196014404297,
        0.21918654441833496,
        0.2186276912689209,
        0.21843719482421875
      ]
    },
    "speedup": 3.6481053442145157
  },
  "environment": {}
}