{
  "config": {
    "env_id": "PickCube-v1",
    "cache_mode": "optimal",
    "cache_threshold": 5,
    "optimal_steps_dir": "./activations/PickCube-v1",
    "num_caches": 5,
    "cache_metric": "cosine",
    "pretrained_path": "/home/kyji/public/public_data/models/maniskill-model/rdt/mp_rank_00_model_states.pt",
    "random_seed": 0
  },
  "benchmark": {
    "original": {
      "avg_time": 0.7689721822738648,
      "std_time": 0.00577305123624907,
      "frequency": 1.3004371589138397,
      "durations": [
        0.7591025829315186,
        0.7693130970001221,
        0.7613029479980469,
        0.7715814113616943,
        0.7689831256866455,
        0.7772598266601562,
        0.7674880027770996,
        0.773993730545044,
        0.7644224166870117,
        0.7762746810913086
      ]
    },
    "fast": {
      "avg_time": 0.21777017116546632,
      "std_time": 0.0028421641576121003,
      "frequency": 4.591997125447356,
      "durations": [
        0.2214982509613037,
        0.2166457176208496,
        0.2163858413696289,
        0.21628761291503906,
        0.21638178825378418,
        0.21631717681884766,
        0.21626496315002441,
        0.21656513214111328,
        0.2163858413696289,
        0.22496938705444336
      ]
    },
    "speedup": 3.531118050550567
  },
  "environment": {}
}