{
  "config": {
    "env_id": "PickCube-v1",
    "cache_mode": "optimal",
    "cache_threshold": 5,
    "optimal_steps_dir": "./activations/PickCube-v1",
    "num_caches": 5,
    "cache_metric": "cosine",
    "pretrained_path": "/home/kyji/public/public_data/models/maniskill-model/rdt/mp_rank_00_model_states.pt",
    "random_seed": 0
  },
  "benchmark": {
    "original": {
      "avg_time": 0.7938842058181763,
      "std_time": 0.0043241965651096385,
      "frequency": 1.2596295437939855,
      "durations": [
        0.7896249294281006,
        0.7963969707489014,
        0.7896900177001953,
        0.7911815643310547,
        0.7903423309326172,
        0.789949893951416,
        0.8030314445495605,
        0.7946851253509521,
        0.7987384796142578,
        0.795201301574707
      ]
    },
    "fast": {
      "avg_time": 0.22154839038848878,
      "std_time": 0.004871822934318028,
      "frequency": 4.513686595720616,
      "durations": [
        0.22769761085510254,
        0.22000384330749512,
        0.23394274711608887,
        0.21967697143554688,
        0.21978306770324707,
        0.21902227401733398,
        0.21874284744262695,
        0.21840572357177734,
        0.21975040435791016,
        0.2184584140777588
      ]
    },
    "speedup": 3.5833444983558094
  },
  "environment": {}
}